<?xml version="1.0" encoding="UTF-8"?>
<project-private xmlns="http://www.netbeans.org/ns/project-private/1">
    <editor-bookmarks xmlns="http://www.netbeans.org/ns/editor-bookmarks/2" lastBookmarkId="0"/>
    <open-files xmlns="http://www.netbeans.org/ns/projectui-open-files/2">
        <group>
            <file>file:/C:/Users/andre/OneDrive/Documenti/NetBeansProjects/StudentiIZ/src/studentiiz/Main.java</file>
            <file>file:/C:/Users/andre/OneDrive/Documenti/NetBeansProjects/StudentiIZ/src/it/unisa/diem/oop/persone/Studente.java</file>
            <file>file:/C:/Users/andre/OneDrive/Documenti/NetBeansProjects/StudentiIZ/src/it/unisa/diem/oop/spazi/Aula.java</file>
            <file>file:/C:/Users/andre/OneDrive/Documenti/NetBeansProjects/StudentiIZ/src/it/unisa/diem/oop/persone/PersonaUnisa.java</file>
            <file>file:/C:/Users/andre/OneDrive/Documenti/NetBeansProjects/StudentiIZ/src/it/unisa/diem/oop/persone/Persona.java</file>
        </group>
    </open-files>
</project-private>
